area_cd,content_id,area_name,tour_name
POI004,126999,이태원 관광특구,이태원 관광특구
POI005,2390484,잠실 관광특구,잠실 관광특구 코스
POI007,3082405,홍대 관광특구,홍대걷고싶은거리
POI001,2456536,강남 MICE 관광특구,강남 마이스 관광특구
POI003,1957600,명동 관광특구,명동 남대문 북창동 다동무교동 관광특구
POI010,126516,보신각,보신각터
POI008,2648460,경복궁,경복궁 별빛야행
POI011,126519,서울 암사동 유적,서울 암사동 유적
POI009,126512,광화문·덕수궁,광화문
POI006,3094138,종로·청계 관광특구,샤오바오우육면 종로본점
POI012,1604941,창덕궁·종묘,창덕궁 낙선재
POI017,132492,고속터미널역,고투몰(강남터미널 지하쇼핑몰)
POI013,2924339,가산디지털단지역,올리브영 가산디지털단지역점
POI016,2907530,고덕역,올리브영 고덕점
POI014,3383832,강남역,케미스트릿 강남역 페스티벌
POI015,4008823,건대입구역,건대입구역1번출구약국
POI018,4013050,교대역,정관장 교대역점
POI019,3307273,구로디지털단지역,올리브영 구로디지털단지역점
POI020,3305737,구로역,헤지스종합관 NC 신구로점
POI024,1906334,동대문역,동대문역사문화공원
POI023,2037026,대림역,대림중앙시장
POI021,2930912,군자역,올리브영 군자역점
POI027,4008169,발산역,다비치안경 발산역점
POI031,3306647,서울대입구역,ABC마트 ST 서울대입구역점
POI032,2589349,서울식물원·마곡나루역,서울식물원
POI030,130431,삼각지역,전쟁기념관
POI029,2918269,사당역,올리브영 사당역점
POI026,4026771,미아사거리역,JAJU 미아사거리역점
POI025,4025740,뚝섬역,다이소 뚝섬역점
POI033,130361,서울역,서울역사박물관
POI037,3305302,신논현역·논현역,올리브영 신논현역점
POI036,4026769,수유역,세컨아이즈 수유역점
POI038,3307250,신도림역,정관장 신도림역점
POI034,2906647,선릉역,올리브영 선릉역점
POI039,2909517,신림역,올리브영 신림역점
POI042,2911908,역삼역,올리브영 역삼역점
POI035,3306806,성신여대입구역,올리브영 성신여대입구역점
POI044,131434,오목교역·목동운동장,목동사격장
POI040,3023167,신촌·이대역,브라운스위트 신촌센트럴
POI043,2925802,연신내역,ABC마트 ST 연신내역점
POI041,4025615,양재역,으뜸50안경 양재역점
POI048,2924746,장지역,올리브영 현대아울렛 가든파이브점
POI047,2910593,이태원역,러쉬 이태원역점
POI050,4027140,천호역,롯데하이마트 천호역점
POI051,4027111,총신대입구(이수)역,아트박스 이수역점
POI053,3076199,합정역,NOL 씨어터 합정
POI046,2758150,용산역,용산역광장
POI049,2907221,장한평역,올리브영 장한평역점
POI052,250330,충정로역,서울 약현성당
POI054,3306639,혜화역,올리브영 혜화역점
POI055,2911133,홍대입구역(2호선),올리브영 홍대입구역점
POI059,987720,가로수길,신사동 가로수길
POI058,4009200,가락시장,올리브영 가락시장역점
POI063,132216,노량진,노량진수산물도매시장
POI061,1535690,김포공항,롯데몰 김포공항점
POI060,132183,광장(전통)시장,광장시장
POI064,2778454,덕수궁길·정동길,정동길
POI066,126537,북촌한옥마을,북촌한옥마을
POI045,2910272,왕십리역,엔터식스 왕십리역점
POI070,4011885,쌍문역,올리브영 쌍문역점
POI068,2930901,성수카페거리,성수동 카페거리
POI067,3097714,서촌,서촌라운지
POI072,1327006,여의도,메리어트 이그제큐티브 아파트먼트 서울 여의도
POI071,126823,압구정로데오거리,압구정 로데오거리
POI073,2500201,연남동,연남동 공방거리
POI076,2773303,용리단길,아모레퍼시픽미술관
POI078,2392535,인사동,다이나믹 메이즈 인사동
POI077,1019182,이태원 앤틱가구거리,이태원 앤틱 가구거리
POI074,3305278,영등포 타임스퀘어,올리브영 영등포타임스퀘어점
POI081,948730,청량리 제기동 일대 전통시장,경동시장
POI080,1310950,청담동 명품거리,청담패션거리
POI086,2591873,고척돔,고척 스카이돔
POI083,2470006,DDP(동대문디자인플라자),동대문디자인플라자(DDP)
POI082,2385683,해방촌·경리단길,서울 해방촌의 이국적인 맛집을 찾아서
POI084,3082446,DMC(디지털미디어시티),키즈돌핀 서대문DMC점
POI087,250252,광나루한강공원,광나루한강공원
POI088,775394,광화문광장,광화문광장
POI089,1604580,국립중앙박물관·용산가족공원,국립중앙박물관 전통염료식물원
POI090,127859,난지한강공원,난지한강공원
POI092,2638475,노들섬,노들섬
POI091,126485,남산공원,남산공원(서울)
POI095,970138,반포한강공원,반포한강공원
POI096,822384,북서울꿈의숲,북서울꿈의숲
POI093,1030763,뚝섬한강공원,뚝섬한강공원
POI094,1059638,망원한강공원,망원한강공원
POI100,126712,서울대공원,서울대공원
POI098,2773409,서리풀공원·몽마르뜨공원,서리풀공원
POI085,2733968,강서한강공원,강서한강공원
POI101,128611,서울숲공원,서울숲
POI102,742972,아차산,아차산 어울림정원
POI103,1059877,양화한강공원,양화한강공원
POI104,126490,어린이대공원,서울어린이대공원
POI108,970636,이촌한강공원,이촌한강공원
POI107,1874105,응봉산,응봉산(서울)
POI105,1059479,여의도한강공원,여의도한강공원
POI106,3058015,월드컵공원,월드컵공원
POI109,1093200,잠실종합운동장,서울종합운동장(잠실종합운동장)
POI110,131318,잠실한강공원,잠실한강공원 잠실물놀이장
POI112,2792588,청계산,서울 서초 글램핑 청계산장
POI115,132180,남대문시장,남대문시장
POI111,970342,잠원한강공원,잠원한강공원
POI119,4009164,잠실역,더샘 잠실역점
POI117,2915164,신정네거리역,올리브영 신정네거리역점
POI116,2946228,익선동,익선동 한옥거리
POI118,3306465,잠실새내역,아트박스 잠실새내점
POI120,754052,잠실롯데타워·석촌호수,석촌호수
POI124,128622,서대문독립공원,서대문독립공원
POI125,2591870,안양천,안양천 물놀이장
POI123,127940,보라매공원,보라매공원
POI121,2994877,송리단길·호수단길,송리단길
POI122,264375,신촌 스타광장,연세로
POI127,2761797,올림픽공원,올림픽공원피크닉장
POI126,525755,여의서로,영등포 여의도 봄꽃축제
POI131,1951225,숭례문,서울의 대문 숭례문과 그 주변의 사람들을 찾아
POI128,2783698,홍제폭포,홍제폭포
POI130,2927404,시의회 앞,다이소 서울시청광장점
POI129,3056152,송현녹지광장,열린송현 녹지광장
